﻿<?xml version="1.0" encoding="utf-8"?>
<manifest identifier="_6khx3IpYdTl_course_id" version="1.0" xmlns="http://www.imsproject.org/xsd/imscp_rootv1p1p2" xmlns:adlcp="http://www.adlnet.org/xsd/adlcp_rootv1p2" xmlns:xsi="http://www.w3.org/2001/XMLSchema-instance" xsi:schemaLocation="http://www.imsproject.org/xsd/imscp_rootv1p1p2 imscp_rootv1p1p2.xsd http://www.imsglobal.org/xsd/imsmd_rootv1p2p1 imsmd_rootv1p2p1.xsd http://www.adlnet.org/xsd/adlcp_rootv1p2 adlcp_rootv1p2.xsd">
  <metadata>
    <schema>ADL SCORM</schema>
    <schemaversion>1.2</schemaversion>
    <lom xmlns="http://www.imsglobal.org/xsd/imsmd_rootv1p2p1" xmlns:xsi="http://www.w3.org/2001/XMLSchema-instance" xsi:schemaLocation="http://www.imsglobal.org/xsd/imsmd_rootv1p2p1 imsmd_rootv1p2p1.xsd">
      <general>
        <title>
          <langstring xml:lang="x-none">לומדת הכנה לראיון עבודה התנהגותי -אדל אגאייב ועמית בלנק</langstring>
        </title>
      </general>
      <lifecycle>
        <version>
          <langstring xml:lang="x-none">1</langstring>
        </version>
        <status>
          <source>
            <langstring xml:lang="x-none">LOMv1.0</langstring>
          </source>
          <value>
            <langstring xml:lang="x-none">Final</langstring>
          </value>
        </status>
      </lifecycle>
      <metametadata>
        <metadatascheme>ADL SCORM 1.2</metadatascheme>
      </metametadata>
      <educational>
        <typicallearningtime>
          <datetime>PT0H0M0S</datetime>
        </typicallearningtime>
      </educational>
      <rights>
        <cost>
          <source>
            <langstring xml:lang="x-none">LOMv1.0</langstring>
          </source>
          <value>
            <langstring xml:lang="x-none">yes</langstring>
          </value>
        </cost>
        <copyrightandotherrestrictions>
          <source>
            <langstring xml:lang="x-none">LOMv1.0</langstring>
          </source>
          <value>
            <langstring xml:lang="x-none">yes</langstring>
          </value>
        </copyrightandotherrestrictions>
      </rights>
    </lom>
  </metadata>
  <organizations default="לומדת_הכנה_לראיון_עבודה_התנהגותי_-אדל_אגאייב_ועמית_בלנק_ORG">
    <organization identifier="לומדת_הכנה_לראיון_עבודה_התנהגותי_-אדל_אגאייב_ועמית_בלנק_ORG">
      <title>לומדת הכנה לראיון עבודה התנהגותי -אדל אגאייב ועמית בלנק</title>
      <item identifier="Untitled1_SCO" isvisible="true" identifierref="__6khx3IpYdTl_course_id_RES">
        <title>לומדת הכנה לראיון עבודה התנהגותי -אדל אגאייב ועמית בלנק</title>
      </item>
    </organization>
  </organizations>
  <resources>
    <resource identifier="__6khx3IpYdTl_course_id_RES" type="webcontent" href="launcher.html" adlcp:scormtype="sco">
      <file href="story_content/thumbnail.jpg" />
      <file href="mobile/6mzIhl8wgr1_80_P_77_171_238_182_DX1074_DY1074_CX238_CY183.png" />
      <file href="mobile/5cULzvFH4eR_80_DX44_DY44_CX18_CY33.png" />
      <file href="mobile/6HaR6PS9EkU_80_DX74_DY74_CX36_CY37.png" />
      <file href="mobile/6LpOTvOf9e9_80_DX36_DY36_CX10_CY18.png" />
      <file href="mobile/6mzIhl8wgr1_80_DX1074_DY1074_CX210_CY300.png" />
      <file href="mobile/648vEdF048f_80_DX40_DY40_CX20_CY20.png" />
      <file href="mobile/5qZA0f4wCye_80_DX224_DY224_CX112_CY112.png" />
      <file href="mobile/6TxMjcVjnpv_80_DX744_DY744_CX259_CY372.png" />
      <file href="mobile/6OHCFFULeMh_80_DX224_DY224_CX112_CY112.png" />
      <file href="mobile/6VssLKP20ul_80_DX744_DY744_CX259_CY372.png" />
      <file href="mobile/5eiDQ0fV7H8_80_DX224_DY224_CX112_CY112.png" />
      <file href="mobile/6VccqYzXVzs_80_DX744_DY744_CX259_CY372.png" />
      <file href="story_content/video_5kz77I6O7Gi_22_48_1024x546.mp4" />
      <file href="mobile/poster_6QO9PAkYxhh_video_5kz77I6O7Gi_22_48_1024x546.jpg" />
      <file href="mobile/61xMFdfCxUr_80_DX94_DY94_CX70_CY70.png" />
      <file href="mobile/6Q7CBD7Wv2R_80_DX94_DY94_CX70_CY70.png" />
      <file href="mobile/6Zb7Rt8iot7_Y_80_DX560_DY560_CX270_CY419.png" />
      <file href="mobile/5ivsjMEh1nH_80_P_0_0_2048_1266_DX722_DY722_CX541_CY334.png" />
      <file href="mobile/6EcNwoV5osa_80_DX788_DY788_CX292_CY355.png" />
      <file href="mobile/5mQ7O5rQG1P_80_DX722_DY722_CX540_CY355.jpg" />
      <file href="mobile/5ZMSXido1Oj_80_DX98_DY98_CX42_CY49.png" />
      <file href="mobile/5gQdtNu35iX_80_DX66_DY66_CX33_CY31.png" />
      <file href="mobile/5mV8CF6eZAB_80_DX76_DY76_CX25_CY38.png" />
      <file href="mobile/5XHzvGa49Uj_80_DX66_DY66_CX32_CY33.png" />
      <file href="mobile/6M5Nd7Ks0en_80_DX80_DY80_CX40_CY30.png" />
      <file href="mobile/6KZvqYQ5X56_80_DX944_DY944_CX544_CY708.jpg" />
      <file href="mobile/6EcNwoV5osa_80_DX788_DY788_CX386_CY468.png" />
      <file href="mobile/6KezmqVGZgV_80_DX798_DY798_CX598_CY221.png" />
      <file href="mobile/6BaKfX1Flt9_80_DX814_DY814_CX536_CY231.png" />
      <file href="mobile/6EcNwoV5osa_80_DX788_DY788_CX210_CY255.png" />
      <file href="mobile/6EcNwoV5osa_80_DX788_DY788_CX195_CY237.png" />
      <file href="mobile/6BaKfX1Flt9_80_DX814_DY814_CX545_CY235.png" />
      <file href="mobile/6EcNwoV5osa_80_DX788_DY788_CX381_CY462.png" />
      <file href="mobile/67oeNtUl972_80_P_835_329_1203_994_DX1150_DY1150_CX506_CY418.png" />
      <file href="mobile/6EcNwoV5osa_80_DX788_DY788_CX416_CY505.png" />
      <file href="mobile/5cWCfkZuBIg_80_P_820_93_1176_1330_DX1176_DY1176_CX371_CY420.png" />
      <file href="mobile/654Lno6WKh8_80_P_623_-10_1450_1536_DX954_DY954_CX400_CY424.png" />
      <file href="mobile/5p9Zms6Y6Cs_80_DX272_DY272_CX136_CY99.png" />
      <file href="mobile/5xsyWg9gUA9_80_DX286_DY286_CX143_CY98.png" />
      <file href="mobile/5Z7kaillKHu_80_DX270_DY270_CX135_CY99.png" />
      <file href="mobile/5VcEZKhEM7F_80_DX286_DY286_CX143_CY98.png" />
      <file href="mobile/6Rag2cwH0fM_80_DX272_DY272_CX136_CY99.png" />
      <file href="mobile/6gEcTzL9wH5_80_DX286_DY286_CX143_CY98.png" />
      <file href="mobile/5viJZ4GcEWZ_80_DX270_DY270_CX135_CY100.png" />
      <file href="mobile/5cam1SunYtS_80_DX286_DY286_CX143_CY98.png" />
      <file href="mobile/6Kta3eeU4UA_80_DX270_DY270_CX135_CY100.png" />
      <file href="mobile/6cTiuxp48wA_80_DX286_DY286_CX143_CY98.png" />
      <file href="mobile/5lUZRVAnErp_80_DX82_DY82_CX61_CY58.png" />
      <file href="mobile/6gZwvrOBGVq_80_DX80_DY80_CX40_CY30.png" />
      <file href="mobile/5wjiq46GYow_80_DX98_DY98_CX42_CY49.png" />
      <file href="mobile/637Fq6UFQR8_80_DX444_DY444_CX234_CY150.png" />
      <file href="mobile/5W2JUMgpVR6_80_DX66_DY66_CX33_CY31.png" />
      <file href="mobile/5sIiNH25Xxf_80_DX80_DY80_CX30_CY40.png" />
      <file href="mobile/6BFeC1tXVIv_80_DX126_DY126_CX63_CY63.png" />
      <file href="mobile/62Qt8wcZv7I_80_DX236_DY236_CX118_CY116.png" />
      <file href="mobile/6asuU5PHwHI_80_DX76_DY76_CX25_CY38.png" />
      <file href="mobile/638Hut3Luz4_80_P_0_0_1536_1397_DX530_DY530_CX220_CY200.png" />
      <file href="mobile/6aZmdplLTC0_80_DX362_DY362_CX202_CY271.jpg" />
      <file href="mobile/6myYUGfL94M_80_P_0_0_1466_2011_DX368_DY368_CX198_CY271.png" />
      <file href="mobile/67myCYvInfW_80_P_0_0_1441_1713_DX372_DY372_CX228_CY271.png" />
      <file href="mobile/6Cy6ubd5oEz_80_P_0_0_1026_1961_DX522_DY522_CX205_CY391.png" />
      <file href="mobile/5wmmTPVeuOw_80_P_60_0_1139_2023_DX522_DY522_CX220_CY391.png" />
      <file href="mobile/5v2xZu36Wes_80_DX252_DY252_CX135_CY135.png" />
      <file href="mobile/6MDDxeMzvuC_80_DX244_DY244_CX79_CY153.png" />
      <file href="mobile/6hiNOi87fZE_80_DX164_DY164_CX82_CY82.png" />
      <file href="mobile/6MDDxeMzvuC_80_DX244_DY244_CX94_CY182.png" />
      <file href="mobile/637Fq6UFQR8_80_DX444_DY444_CX223_CY143.png" />
      <file href="mobile/6UIECF4egjC_80_DX66_DY66_CX32_CY33.png" />
      <file href="story_content/video_6PDaea7GCYV_22_48_854x456.mp4" />
      <file href="mobile/poster_6p3JTp8qyo3_video_6PDaea7GCYV_22_48_854x456.jpg" />
      <file href="mobile/6c5NqdA5zCW_80_P_0_223_1062_1192_DX740_DY740_CX417_CY468.png" />
      <file href="mobile/5bxjoWgA0Zb_80_P_802_75_402_558_DX1770_DY1770_CX339_CY471.png" />
      <file href="mobile/6EcNwoV5osa_80_DX788_DY788_CX388_CY471.png" />
      <file href="mobile/6qVkkSIWuyw_80_P_0_18_1205_693_DX738_DY738_CX427_CY246.png" />
      <file href="mobile/62WgYR0jMZ0_80_P_0_15_1205_693_DX570_DY570_CX427_CY246.png" />
      <file href="mobile/5bxjoWgA0Zb_80_P_465_113_739_577_DX1770_DY1770_CX315_CY246.png" />
      <file href="mobile/6nhfhaPYTwy_80_P_0_230_1062_693_DX868_DY868_CX487_CY318.png" />
      <file href="mobile/6EcNwoV5osa_80_DX788_DY788_CX262_CY318.png" />
      <file href="mobile/6qVkkSIWuyw_80_P_0_18_1205_693_DX738_DY738_CX553_CY318.png" />
      <file href="mobile/6kLwLFQw6h5_80_DX116_DY116_CX86_CY81.png" />
      <file href="mobile/5v2xZu36Wes_80_DX252_DY252_CX189_CY189.png" />
      <file href="mobile/6MDDxeMzvuC_80_DX244_DY244_CX73_CY142.png" />
      <file href="mobile/6B2IdKwJj9n_80_DX76_DY76_CX25_CY38.png" />
      <file href="mobile/5v2xZu36Wes_80_DX252_DY252_CX162_CY162.png" />
      <file href="mobile/6MDDxeMzvuC_80_DX244_DY244_CX81_CY157.png" />
      <file href="mobile/6jEAsa1WkYJ_80_DX308_DY308_CX154_CY60.png" />
      <file href="mobile/5ceVxBB015m_80_DX66_DY66_CX33_CY32.png" />
      <file href="mobile/5i1qlBd8V61_80_DX66_DY66_CX33_CY32.png" />
      <file href="mobile/6WsuBEbyqbo_80_DX222_DY222_CX76_CY111.png" />
      <file href="mobile/5cw80lp9p1M_80_DX176_DY176_CX114_CY114.png" />
      <file href="meta.xml" />
      <file href="story_content/user.js" />
      <file href="mobile/Shape6ByYBTnIIsl.png" />
      <file href="mobile/Shape5gZO1ygj4mJ.png" />
      <file href="mobile/Shape5jxPLoPY3tI.png" />
      <file href="mobile/Shape5pPGbqOA96s.png" />
      <file href="mobile/Shape6bZ0k85lEXy.png" />
      <file href="mobile/Shape6gvHxf7DMba.png" />
      <file href="mobile/Shape5iKdc0TEEQU.png" />
      <file href="mobile/Shape6i9vWQmaRSz.png" />
      <file href="mobile/Shape5gnn9DTjA8e.png" />
      <file href="mobile/Shape5jtgp96jzux.png" />
      <file href="mobile/Shape6eeKxuv2NaP.png" />
      <file href="mobile/Shape69u4UN2VO7W.png" />
      <file href="mobile/Shape61GjG3NrYH1.png" />
      <file href="mobile/Shape5yLRqQ47vUp.png" />
      <file href="mobile/Shape6F82r783jOn.png" />
      <file href="mobile/Shape6HlO0Ebesl8.png" />
      <file href="mobile/Shape5jcBbBGly4u.png" />
      <file href="mobile/Shape6jKWPzGNhyJ.png" />
      <file href="mobile/Shape6iPrnhv4h5v.png" />
      <file href="mobile/Shape6hblULpmW1C.png" />
      <file href="mobile/Shape6PQPLq6jTRG.png" />
      <file href="mobile/Shape6Wt91Wu5DfZ.png" />
      <file href="mobile/Shape6KLrM0rr7g1.png" />
      <file href="mobile/Shape5WDUxvnHlmD.png" />
      <file href="mobile/Shape68bZhPmqubK.png" />
      <file href="mobile/Shape63WsWyHVcnl.png" />
      <file href="mobile/Shape6nWYeBoF5rf.png" />
      <file href="mobile/Shape5einosWMys7.png" />
      <file href="mobile/Shape6pMxg28BbXQ.png" />
      <file href="mobile/Shape6H1DKURixHq.png" />
      <file href="mobile/Shape5s5au9018uQ.png" />
      <file href="mobile/Shape6TTDwkJyzvU.png" />
      <file href="mobile/Shape6SPoysykpcJ.png" />
      <file href="mobile/Shape5dJYVhWQ3y3.png" />
      <file href="mobile/Shape6T8VhqXPi1A.png" />
      <file href="mobile/Shape6IYs0XC3Afj.png" />
      <file href="mobile/Shape5wg5wKjkDzz.png" />
      <file href="mobile/Shape6ebf0V2fQTZ.png" />
      <file href="mobile/Shape6a8LKQvmYSC.png" />
      <file href="html5/data/css/output.min.css" />
      <file href="html5/data/js/5akiVHMY39X.js" />
      <file href="html5/data/js/5anQmM3PKyT.js" />
      <file href="html5/data/js/5b8OaWnPwC3.js" />
      <file href="html5/data/js/5buHW3w1uza.js" />
      <file href="html5/data/js/5ep0h2LkAf6.js" />
      <file href="html5/data/js/5fJ5NeePJIu.js" />
      <file href="html5/data/js/5h1YHIQwCAW.js" />
      <file href="html5/data/js/5i5zhzYGi38.js" />
      <file href="html5/data/js/5jBZWxHqw3M.js" />
      <file href="html5/data/js/5lsGnNGdoZ3.js" />
      <file href="html5/data/js/5rbcEJXbJbc.js" />
      <file href="html5/data/js/5VuCzIOMwvP.js" />
      <file href="html5/data/js/5WkApBKp8yr.js" />
      <file href="html5/data/js/5X0Nx15HRni.js" />
      <file href="html5/data/js/5yKe95RWPR3.js" />
      <file href="html5/data/js/5ZNQ6jDkloj.js" />
      <file href="html5/data/js/625aU4UqnNu.js" />
      <file href="html5/data/js/630noRuELlm.js" />
      <file href="html5/data/js/65lcRvvGY74.js" />
      <file href="html5/data/js/65vAWPVwnja.js" />
      <file href="html5/data/js/662VWIoqjwP.js" />
      <file href="html5/data/js/6BL0JHHNjoe.js" />
      <file href="html5/data/js/6Cu6ZNm6ugA.js" />
      <file href="html5/data/js/6G0IHfUNFU2.js" />
      <file href="html5/data/js/6gQ79wuMsS1.js" />
      <file href="html5/data/js/6k4D9wFi8we.js" />
      <file href="html5/data/js/6mf66n904Y4.js" />
      <file href="html5/data/js/6mOJlgcdalc.js" />
      <file href="html5/data/js/6Ovgsg2OSOL.js" />
      <file href="html5/data/js/6ovr6wnZ7gf.js" />
      <file href="html5/data/js/6pUA0H1Q85N.js" />
      <file href="html5/data/js/6Q9megiI0yi.js" />
      <file href="html5/data/js/6QDOMvBfC2F.js" />
      <file href="html5/data/js/data.js" />
      <file href="html5/data/js/frame.js" />
      <file href="html5/data/js/paths.js" />
      <file href="html5/lib/scripts/ds-bootstrap.min.js" />
      <file href="html5/lib/scripts/ds-frame.desktop.min.js" />
      <file href="html5/lib/scripts/ds-frame.mobile.min.js" />
      <file href="html5/lib/scripts/ds-slides.min.js" />
      <file href="html5/lib/stylesheets/desktop.min.css" />
      <file href="html5/lib/stylesheets/mobile.min.css" />
      <file href="html5/lib/stylesheets/mobile-fonts/open-sans-bold.woff" />
      <file href="html5/lib/stylesheets/mobile-fonts/open-sans-light.woff" />
      <file href="html5/lib/stylesheets/mobile-fonts/open-sans-regular.woff" />
      <file href="analytics-frame.html" />
      <file href="story.html" />
      <file href="launcher.html" />
      <file href="story_content/external_window.png" />
      <file href="index_lms.html" />
      <file href="lms/AICCComm.html" />
      <file href="lms/blank.html" />
      <file href="lms/browsersniff.js" />
      <file href="lms/goodbye.html" />
      <file href="lms/indexAPI.html" />
      <file href="lms/scormdriver.js" />
    </resource>
  </resources>
</manifest>